id,status,created_at,expected_delivery_time,bucket
8c76c0d7-649b-4c77-9a7d-ab6dd6f12067,SHIPPED,2026-10-01T09:09:25.731Z,1-3 days,Orders - SHIPPED
9fda9433-1310-4c39-90d6-6eb288d49993,PLACED,2026-10-02T06:04:32.598Z,7-8 days,Orders - PLACED
59b42baf-1798-41a1-98f6-6233a486616b,PLACED,2026-10-02T11:20:13.176Z,9-12 days,Orders - PLACED
bda31e56-99df-44f0-b5c1-0d7c31ae70c1,SHIPPED,2026-10-02T12:40:34.339Z,1-3 days,Orders - SHIPPED
fc553cc7-1fab-4ef2-8fe8-1a28c26f637b,SHIPPED,2026-10-03T05:33:33.219Z,1-3 days,Orders - SHIPPED
cdedc1a7-eda5-443a-9eb3-55409cdd9133,SHIPPED,2026-10-03T06:29:06.448Z,2-4 days,Orders - SHIPPED
027d2b0a-3ad9-4113-a11d-537d4428719f,CONFIRMED,2026-10-03T08:31:18.041Z,2-4 days,Orders - CONFIRMED
31fc3a4e-c967-4d3f-9a76-7fc182aad1f4,READY_TO_SHIP,2026-10-03T11:32:44.351Z,1-3 days,Orders - READY_TO_SHIP
7d0862a4-3168-4692-b4e7-8fefaa388ca7,CONFIRMED,2026-10-03T18:16:06.605Z,4-6 days,Orders - CONFIRMED
8a5e0908-fb8c-4fd2-b794-c0b4f85a2e23,SHIPPED,2026-10-04T09:33:07.858Z,2-4 days,Orders - SHIPPED
5df5fe39-2e80-4000-9f09-f2ad77d4d348,CONFIRMED,2026-10-04T10:36:25.951Z,3-5 days,Orders - CONFIRMED
75717349-a4e7-45eb-88df-30f21ccc2f6e,SHIPPED,2026-10-04T12:12:22.049Z,3-5 days,Orders - SHIPPED
a4c66e58-5053-4447-a8d2-b8eaac5589c3,NOT_DELIVERED,2026-10-04T12:15:04.859Z,4-6 days,
6d5b20ca-eb9b-4641-aaf5-9006dc65ae93,SHIPPED,2026-10-04T14:13:54.802Z,1-3 days,Orders - SHIPPED
d546227d-15e8-4de5-8c3b-2076cc5b140f,PLACED,2026-10-04T15:31:49.984Z,9-12 days,Orders - PLACED
e4f6ef10-5c74-4a29-ae3a-453de4adcd7b,PLACED,2026-10-04T15:55:25.915Z,10-12 days,Orders - PLACED
baa2273a-5359-496d-8d55-f99a2b17499b,CONFIRMED,2026-10-05T05:14:37.448Z,1-3 days,Orders - CONFIRMED
b01023ff-c079-43d1-a51d-405c3dce2eaa,CONFIRMED,2026-10-05T08:32:21.387Z,4-6 days,Orders - CONFIRMED
0fa7594b-e582-42e4-93db-09b81dfec897,CONFIRMED,2026-10-05T09:32:58.337Z,2-4 days,Orders - CONFIRMED
b6db6c40-cc95-4d35-b653-95901c04771a,SHIPPED,2026-10-05T09:57:32.287Z,1-3 days,Orders - SHIPPED
251e53cb-24a2-482b-be45-24fd365b1723,PLACED,2026-10-05T11:16:32.503Z,9-12 days,Orders - PLACED
1c16c26e-fa45-4879-ba82-d9f65f110b61,SHIPPED,2026-10-05T13:18:50.632Z,2-4 days,Orders - SHIPPED
073a270e-9a49-455d-96b9-8beaf866183a,CONFIRMED,2026-10-05T16:43:20.794Z,2-4 days,Orders - CONFIRMED
4add6f08-7f78-43ec-8236-6dacce3cdbd9,SHIPPED,2026-10-05T17:58:41.736Z,1-3 days,Orders - SHIPPED
d5e7af11-5054-495e-8ee7-d6c30e70eada,PLACED,2026-10-06T09:57:13.631Z,1-3 days,Orders - PLACED
70e74c7f-c7a1-441c-89fd-6ed185089401,SHIPPED,2026-10-06T11:54:41.284Z,1-3 days,Orders - SHIPPED
ea6ffe81-af9c-4867-a1d4-39f748633006,CONFIRMED,2026-10-06T12:42:46.711Z,1-3 days,Orders - CONFIRMED
08a74b7c-eea0-4e18-97e5-788c6f9fe121,PLACED,2026-10-06T13:06:09.435Z,4-6 days,Orders - PLACED
45825ddb-97a0-4a37-b23d-da59de04c0de,SHIPPED,2026-10-06T15:34:59.555Z,9-11 days,Orders - SHIPPED
50751a46-fae4-4875-b2ae-71f481a9eabc,CONFIRMED,2026-10-06T16:45:45.71Z,2-4 days,Orders - CONFIRMED
3e24f991-c3bd-43de-b4b4-175a79e88773,CONFIRMED,2026-10-07T05:32:32.748Z,1-3 days,Orders - CONFIRMED
b448ab4b-5351-48d5-b3af-b1db43a4d853,CONFIRMED,2026-10-07T08:36:28.821Z,3-5 days,Orders - CONFIRMED
a580e014-84a8-417b-abf5-e51029dfa551,PLACED,2026-10-07T08:53:01.878Z,9-12 days,Orders - PLACED
290c5630-d525-44ab-9504-7f88c4c550a5,CONFIRMED,2026-10-07T10:03:39.245Z,1-3 days,Orders - CONFIRMED
7de499e7-1bbd-416c-b59d-b04f10df08f9,CONFIRMED,2026-10-07T11:40:58.107Z,2-4 days,Orders - CONFIRMED
b92be67e-7038-4fef-89b5-13dc149b3c05,PLACED,2026-10-07T12:55:58.114Z,1-3 days,Orders - PLACED
408d1bdf-8be7-4f99-bfb0-1e7e00954f7a,CONFIRMED,2026-10-07T13:17:37.558Z,3-5 days,Orders - CONFIRMED
b4c429f0-42e9-4673-97f6-433effbe4eaf,CONFIRMED,2026-10-07T14:17:22.818Z,2-4 days,Orders - CONFIRMED
