User ID,Order ID,Order Status,First Order Date,Expected Delivery Time,Delivered,Delayed
f68cde9b-c26b-4894-8919-944adb1307ea,eff734e7-faac-474f-9335-6dd92de5b4ae,PLACED,2026-10-02T16:19:18.737Z,14-16 days,No,No
09a59b77-4525-4b3d-b75e-8bc032021823,15802031-13d3-4814-be3d-2a44b8cf2d1c,PLACED,2026-10-02T13:46:51.557Z,1-3 days,No,No
97d1785f-b6e5-4185-b645-b421376f48bd,2720367e-a9ca-4816-a92f-24a66c509211,PLACED,2026-10-02T13:44:03.694Z,1-3 days,No,No
4d5b095c-1c47-4523-a9ef-e585b64ef9f7,bda31e56-99df-44f0-b5c1-0d7c31ae70c1,PLACED,2026-10-02T12:40:34.339Z,1-3 days,No,No
2e21fb9c-56d6-4355-8f28-5bf92c068f5c,904e7023-cb46-44c0-90d4-4e9807c56a0f,PLACED,2026-10-02T12:33:34.911Z,2-4 days,No,No
97669e3d-6df4-4035-8e35-f30df7907574,b8ce7b7e-5a80-4eb8-ab60-5483b566a150,CONFIRMED,2026-10-02T12:14:45.196Z,1-3 days,No,No
abcd458f-9988-4416-9f32-baadc5276676,59b42baf-1798-41a1-98f6-6233a486616b,PLACED,2026-10-02T11:20:13.176Z,9-12 days,No,No
0401193b-1bbd-4d5e-bba9-c824d9f37058,a082c1be-912e-4ac8-bfec-3166e958529d,PLACED,2026-10-02T08:50:32.984Z,1-3 days,No,No
73b62ab2-0246-407a-9669-ec345967be1d,ab0025f9-14a5-4eb6-ba4e-412d449f3742,CONFIRMED,2026-10-02T08:12:47.383Z,1-3 days,No,No
2c28ec87-3f5f-4beb-9be9-8d2cb2ad22e8,f36be652-00d9-4c01-9f26-1f630129bbf2,CONFIRMED,2026-10-02T08:03:54.602Z,1-3 days,No,No
dc4282f8-860c-44aa-af7e-853d8b8d1be2,19b992cf-36d2-4d34-957a-4e5a79139edb,CONFIRMED,2026-10-02T07:51:35.503Z,4-6 days,No,No
b937d5d5-cfd1-4058-94a7-a885d6941c3a,edfdeea0-436b-4c78-9875-2484c7fc4715,CONFIRMED,2026-10-02T06:51:09.896Z,2-4 days,No,No
5f0e370b-17a0-4f0b-8b8e-a061b6f76a15,9fda9433-1310-4c39-90d6-6eb288d49993,PLACED,2026-10-02T06:04:32.598Z,7-8 days,No,No
4c3773a8-0a8f-40eb-ab46-b7353c088765,f0fd44ae-8686-4758-9bd2-2458eb19375c,CONFIRMED,2026-10-02T04:44:56.887Z,1-3 days,No,No
48e629c8-eaa4-4ca3-b5ce-5699c8ecc68f,61ea63fe-2694-4389-987d-7ca446b22f80,CONFIRMED,2026-10-02T04:31:46.119Z,1-3 days,No,No
13e8125f-a77f-479f-8660-269c6047daa5,04c7e0aa-fde6-4d62-a79c-180262bdc61b,CONFIRMED,2026-10-02T03:28:17.861Z,3-5 days,No,No
1da6599f-4121-4ec0-a5c8-984b54ea97f4,46cd54c3-f1ae-415b-b462-c704b4ce8461,CONFIRMED,2026-10-02T01:58:56.892Z,2-4 days,No,No
373b65b3-3e63-478a-88b9-7f098d8b4386,c87cdaef-b835-40cd-a331-6ff38752df54,CONFIRMED,2026-10-01T15:02:19.16Z,6-8 days,No,No
1fc936b6-9a2d-45fb-9cb1-47dc8189b454,978f9960-cc88-499d-831a-cfb783c7ba00,PLACED,2026-10-01T13:57:20.87Z,13-15 days,No,No
d700380f-336f-4130-a501-ce268ee33a3c,264d31ba-2e85-4285-b872-5848710a0cf1,PLACED,2026-10-01T09:25:09.998Z,6 days,No,No
15fd1a23-e685-42fb-82b4-2a86fc55e0a0,8c76c0d7-649b-4c77-9a7d-ab6dd6f12067,SHIPPED,2026-10-01T09:09:25.731Z,1-3 days,No,No
646d9bf2-6e4a-41cd-a141-2f8775d1682c,f84dcfb2-3a28-4748-b22b-ae0215be049e,PLACED,2026-10-01T09:02:44.177Z,7-9 days,No,No
476402df-dc8d-418d-b2da-fb2258c69108,9fc70212-5d59-4349-8890-e8ba3fd44e11,PLACED,2026-10-01T08:18:01.962Z,24-72 hours,No,No
3bebdce8-3d6e-4882-8162-eff7591fb128,42f400e3-df2f-433a-b1f5-799b0253d44d,CONFIRMED,2026-10-01T07:21:19.448Z,1-3 days,No,No
6f45a363-0cd1-4df6-a023-f4a55a5ef1b1,ae68d534-3373-46c4-8ceb-09aaba9276d6,SHIPPED,2026-10-01T05:56:23.691Z,1-3 days,No,No
7d99fc2b-433f-4055-a625-3821bc8fe2ac,0a061ce5-74db-4981-8d12-0f119f46131f,CONFIRMED,2026-10-01T05:13:14.494Z,1-3 days,No,No
c87f6599-b1a5-46f7-b53d-2799458df404,124afd99-85af-4e90-8c8a-a6ccdc82bcf5,DELIVERED,2026-10-01T02:15:03.516Z,1-3 days,Yes,No
