id,transaction_number,user_id,price,type,status,comment,reason,subscription_id,order_id,meta_data,payment_provider_id,payment_provider,paid_on,created_at,updated_at,transaction_type
85bf43b9-6801-434b-9dea-e734af90bbf9,TR30167,6c98606a-915f-4e93-ab33-c07d216317a6,100.0,DELIVERY_CHARGED,PAID,,,,b20bda98-efb9-43c8-b40f-1e95c8de5fd3,"{""refData"": {""id"": ""order_TaCYA72XS0FFnv"", ""notes"": {""userId"": ""6c98606a-915f-4e93-ab33-c07d216317a6"", ""orderIds"": ""b20bda98-efb9-43c8-b40f-1e95c8de5fd3"", ""orderGroupId"": ""8ced9460-dab2-462c-bd95-720232769b5d""}, ""amount"": 11800, ""entity"": ""order"", ""offers"": null, ""status"": ""created"", ""receipt"": ""receipt#17890143534178551"", ""attempts"": 0, ""currency"": ""INR"", ""amount_due"": 11800, ""created_at"": 1789014353, ""amount_paid"": 0}, ""orderGroupId"": ""8ced9460-dab2-462c-bd95-720232769b5d"", ""taxesApplied"": {""type"": ""GST"", ""percentage"": 18}}",pay_TaCYZhN0HPLPjC,RAZOR_PAY,,2026-09-10T04:25:53.536Z,2026-09-10T04:26:45.313Z,
51f1aa72-7c5b-4845-b537-fced545665eb,TR30155,1771f699-390b-4d62-a809-ad0bf4b3bbc5,100.0,DELIVERY_CHARGED,PAID,,,,97fe4353-17e0-4277-94ad-2f1d9ba6dc9a,"{""refData"": {""id"": ""order_TZudOtcj8huiTl"", ""notes"": {""userId"": ""1771f699-390b-4d62-a809-ad0bf4b3bbc5"", ""orderIds"": ""97fe4353-17e0-4277-94ad-2f1d9ba6dc9a"", ""orderGroupId"": ""56479e48-e4a6-4f71-8730-c963c67af40a""}, ""amount"": 11800, ""entity"": ""order"", ""offers"": null, ""status"": ""created"", ""receipt"": ""receipt#17889512618633207"", ""attempts"": 0, ""currency"": ""INR"", ""amount_due"": 11800, ""created_at"": 1788951261, ""amount_paid"": 0}, ""orderGroupId"": ""56479e48-e4a6-4f71-8730-c963c67af40a"", ""taxesApplied"": {""type"": ""GST"", ""percentage"": 18}}",pay_TZudcHIIVHCfrg,RAZOR_PAY,,2026-09-09T10:54:22.061Z,2026-09-09T10:54:44.208Z,
1f7171c0-8fb7-4e55-9bf5-9dde3748286d,TR30157,93b64f7e-59cf-44a7-afa2-5b322e3c1f23,100.0,DELIVERY_CHARGED,PAID,,,,482a53fb-58e3-4c60-be8d-e88baa958773,"{""refData"": {""id"": ""order_TZx7HdBCDtUEce"", ""notes"": {""userId"": ""93b64f7e-59cf-44a7-afa2-5b322e3c1f23"", ""orderIds"": ""482a53fb-58e3-4c60-be8d-e88baa958773"", ""orderGroupId"": ""7e9a5531-3819-409a-aeba-7d243908f107""}, ""amount"": 11800, ""entity"": ""order"", ""offers"": null, ""status"": ""created"", ""receipt"": ""receipt#17889600024337455"", ""attempts"": 0, ""currency"": ""INR"", ""amount_due"": 11800, ""created_at"": 1788960002, ""amount_paid"": 0}, ""orderGroupId"": ""7e9a5531-3819-409a-aeba-7d243908f107"", ""taxesApplied"": {""type"": ""GST"", ""percentage"": 18}}",pay_TZx7erVSjUtT3q,RAZOR_PAY,,2026-09-09T13:20:02.592Z,2026-09-09T13:20:40.17Z,
d7c721df-5422-49ce-b9b4-f67c85853929,TR30127,068b2d1e-f14f-43d9-bb64-9808d1f8cb6c,100.0,DELIVERY_CHARGED,PAID,,,,1b716e77-ab05-4557-b2d9-aa890d1df672,"{""refData"": {""id"": ""order_TZZcfzM3xTgOyQ"", ""notes"": {""userId"": ""068b2d1e-f14f-43d9-bb64-9808d1f8cb6c"", ""orderIds"": ""69b13bda-0776-479a-a258-e5a2d330df97,1b716e77-ab05-4557-b2d9-aa890d1df672,b5a0d8ee-f0c5-4efd-8eb5-dc67696e4813"", ""orderGroupId"": ""f52a782b-57da-4c13-bee2-118064ccd015""}, ""amount"": 11800, ""entity"": ""order"", ""offers"": null, ""status"": ""created"", ""receipt"": ""receipt#17888772668697378"", ""attempts"": 0, ""currency"": ""INR"", ""amount_due"": 11800, ""created_at"": 1788877266, ""amount_paid"": 0}, ""orderGroupId"": ""f52a782b-57da-4c13-bee2-118064ccd015"", ""taxesApplied"": {""type"": ""GST"", ""percentage"": 18}}",pay_TZZcnldQhXmfaJ,RAZOR_PAY,,2026-09-08T14:21:06.961Z,2026-09-08T14:21:24.519Z,
aef8274b-8e5f-4751-976e-afd2e279a7ba,TR30128,068b2d1e-f14f-43d9-bb64-9808d1f8cb6c,100.0,DELIVERY_CHARGED,PAID,,,,b5a0d8ee-f0c5-4efd-8eb5-dc67696e4813,"{""refData"": {""id"": ""order_TZZcfzM3xTgOyQ"", ""notes"": {""userId"": ""068b2d1e-f14f-43d9-bb64-9808d1f8cb6c"", ""orderIds"": ""69b13bda-0776-479a-a258-e5a2d330df97,1b716e77-ab05-4557-b2d9-aa890d1df672,b5a0d8ee-f0c5-4efd-8eb5-dc67696e4813"", ""orderGroupId"": ""f52a782b-57da-4c13-bee2-118064ccd015""}, ""amount"": 11800, ""entity"": ""order"", ""offers"": null, ""status"": ""created"", ""receipt"": ""receipt#17888772668697378"", ""attempts"": 0, ""currency"": ""INR"", ""amount_due"": 11800, ""created_at"": 1788877266, ""amount_paid"": 0}, ""orderGroupId"": ""f52a782b-57da-4c13-bee2-118064ccd015"", ""taxesApplied"": {""type"": ""GST"", ""percentage"": 18}}",pay_TZZcnldQhXmfaJ,RAZOR_PAY,,2026-09-08T14:21:06.961Z,2026-09-08T14:21:24.519Z,
57a6edfa-1fe3-4937-8db2-02c389329cd7,TR30126,068b2d1e-f14f-43d9-bb64-9808d1f8cb6c,100.0,DELIVERY_CHARGED,PAID,,,,69b13bda-0776-479a-a258-e5a2d330df97,"{""refData"": {""id"": ""order_TZZcfzM3xTgOyQ"", ""notes"": {""userId"": ""068b2d1e-f14f-43d9-bb64-9808d1f8cb6c"", ""orderIds"": ""69b13bda-0776-479a-a258-e5a2d330df97,1b716e77-ab05-4557-b2d9-aa890d1df672,b5a0d8ee-f0c5-4efd-8eb5-dc67696e4813"", ""orderGroupId"": ""f52a782b-57da-4c13-bee2-118064ccd015""}, ""amount"": 11800, ""entity"": ""order"", ""offers"": null, ""status"": ""created"", ""receipt"": ""receipt#17888772668697378"", ""attempts"": 0, ""currency"": ""INR"", ""amount_due"": 11800, ""created_at"": 1788877266, ""amount_paid"": 0}, ""orderGroupId"": ""f52a782b-57da-4c13-bee2-118064ccd015"", ""taxesApplied"": {""type"": ""GST"", ""percentage"": 18}}",pay_TZZcnldQhXmfaJ,RAZOR_PAY,,2026-09-08T14:21:06.961Z,2026-09-08T14:21:24.519Z,
a23b7341-9b76-4449-b842-fd0f344c925a,TR30479,4756a17d-5967-40d2-9d4a-2aad08942462,100.0,DELIVERY_CHARGED,PAID,,,,c5839eab-84d2-473a-8f52-151bef9b56f2,"{""refData"": {""id"": ""order_TeTtF0hKwextMv"", ""notes"": {""userId"": ""4756a17d-5967-40d2-9d4a-2aad08942462"", ""orderIds"": ""c5839eab-84d2-473a-8f52-151bef9b56f2,a3d74cae-ef53-475e-bc00-1580324ee69b,fe397662-d6df-4f8d-a458-7e92fa0ecf8b"", ""orderGroupId"": ""c6f6c27c-0fb2-4986-a178-b1a482dd5f96""}, ""amount"": 11800, ""entity"": ""order"", ""offers"": null, ""status"": ""created"", ""receipt"": ""receipt#17899487785809944"", ""attempts"": 0, ""currency"": ""INR"", ""amount_due"": 11800, ""created_at"": 1789948778, ""amount_paid"": 0}, ""orderGroupId"": ""c6f6c27c-0fb2-4986-a178-b1a482dd5f96"", ""taxesApplied"": {""type"": ""GST"", ""percentage"": 18}}",pay_TeTtU59nrXlGFt,RAZOR_PAY,,2026-09-20T23:59:38.693Z,2026-09-21T00:00:06.834Z,
ee594af5-8337-46b1-94bd-dc24b22729d6,TR30480,4756a17d-5967-40d2-9d4a-2aad08942462,100.0,DELIVERY_CHARGED,PAID,,,,a3d74cae-ef53-475e-bc00-1580324ee69b,"{""refData"": {""id"": ""order_TeTtF0hKwextMv"", ""notes"": {""userId"": ""4756a17d-5967-40d2-9d4a-2aad08942462"", ""orderIds"": ""c5839eab-84d2-473a-8f52-151bef9b56f2,a3d74cae-ef53-475e-bc00-1580324ee69b,fe397662-d6df-4f8d-a458-7e92fa0ecf8b"", ""orderGroupId"": ""c6f6c27c-0fb2-4986-a178-b1a482dd5f96""}, ""amount"": 11800, ""entity"": ""order"", ""offers"": null, ""status"": ""created"", ""receipt"": ""receipt#17899487785809944"", ""attempts"": 0, ""currency"": ""INR"", ""amount_due"": 11800, ""created_at"": 1789948778, ""amount_paid"": 0}, ""orderGroupId"": ""c6f6c27c-0fb2-4986-a178-b1a482dd5f96"", ""taxesApplied"": {""type"": ""GST"", ""percentage"": 18}}",pay_TeTtU59nrXlGFt,RAZOR_PAY,,2026-09-20T23:59:38.693Z,2026-09-21T00:00:06.834Z,
70759c95-c0f3-4b7d-a2cc-d5f8a14feb8b,TR30481,4756a17d-5967-40d2-9d4a-2aad08942462,100.0,DELIVERY_CHARGED,PAID,,,,fe397662-d6df-4f8d-a458-7e92fa0ecf8b,"{""refData"": {""id"": ""order_TeTtF0hKwextMv"", ""notes"": {""userId"": ""4756a17d-5967-40d2-9d4a-2aad08942462"", ""orderIds"": ""c5839eab-84d2-473a-8f52-151bef9b56f2,a3d74cae-ef53-475e-bc00-1580324ee69b,fe397662-d6df-4f8d-a458-7e92fa0ecf8b"", ""orderGroupId"": ""c6f6c27c-0fb2-4986-a178-b1a482dd5f96""}, ""amount"": 11800, ""entity"": ""order"", ""offers"": null, ""status"": ""created"", ""receipt"": ""receipt#17899487785809944"", ""attempts"": 0, ""currency"": ""INR"", ""amount_due"": 11800, ""created_at"": 1789948778, ""amount_paid"": 0}, ""orderGroupId"": ""c6f6c27c-0fb2-4986-a178-b1a482dd5f96"", ""taxesApplied"": {""type"": ""GST"", ""percentage"": 18}}",pay_TeTtU59nrXlGFt,RAZOR_PAY,,2026-09-20T23:59:38.693Z,2026-09-21T00:00:06.834Z,
797e9e71-835c-4042-9871-c472fd4385c6,TR30575,cb25e42a-a12a-4c28-b7c8-df28f4783c31,100.0,DELIVERY_CHARGED,PAID,,,,321d5dd6-9997-43e0-bc63-b0ea3d57ba3c,"{""refData"": {""id"": ""order_TfsevUXGYhrnld"", ""notes"": {""userId"": ""cb25e42a-a12a-4c28-b7c8-df28f4783c31"", ""orderIds"": ""321d5dd6-9997-43e0-bc63-b0ea3d57ba3c,5960a222-0ae6-49cd-b78b-0c0638076702,15ab4bba-9d46-463f-b3fe-d8bf3e432297"", ""orderGroupId"": ""d50b7fb6-81d6-4f15-bf71-5c958185c844""}, ""amount"": 11800, ""entity"": ""order"", ""offers"": null, ""status"": ""created"", ""receipt"": ""receipt#17902543459739472"", ""attempts"": 0, ""currency"": ""INR"", ""amount_due"": 11800, ""created_at"": 1790254346, ""amount_paid"": 0}, ""orderGroupId"": ""d50b7fb6-81d6-4f15-bf71-5c958185c844"", ""taxesApplied"": {""type"": ""GST"", ""percentage"": 18}}",pay_Tfsf6T2gEwBa9j,RAZOR_PAY,,2026-09-24T12:52:26.096Z,2026-09-24T12:52:49.048Z,
e59812a3-3df7-4454-bea2-c470157399e5,TR30576,cb25e42a-a12a-4c28-b7c8-df28f4783c31,100.0,DELIVERY_CHARGED,PAID,,,,5960a222-0ae6-49cd-b78b-0c0638076702,"{""refData"": {""id"": ""order_TfsevUXGYhrnld"", ""notes"": {""userId"": ""cb25e42a-a12a-4c28-b7c8-df28f4783c31"", ""orderIds"": ""321d5dd6-9997-43e0-bc63-b0ea3d57ba3c,5960a222-0ae6-49cd-b78b-0c0638076702,15ab4bba-9d46-463f-b3fe-d8bf3e432297"", ""orderGroupId"": ""d50b7fb6-81d6-4f15-bf71-5c958185c844""}, ""amount"": 11800, ""entity"": ""order"", ""offers"": null, ""status"": ""created"", ""receipt"": ""receipt#17902543459739472"", ""attempts"": 0, ""currency"": ""INR"", ""amount_due"": 11800, ""created_at"": 1790254346, ""amount_paid"": 0}, ""orderGroupId"": ""d50b7fb6-81d6-4f15-bf71-5c958185c844"", ""taxesApplied"": {""type"": ""GST"", ""percentage"": 18}}",pay_Tfsf6T2gEwBa9j,RAZOR_PAY,,2026-09-24T12:52:26.096Z,2026-09-24T12:52:49.048Z,
4dff76d9-f005-4d50-aee3-f44b5f48e54f,TR30577,cb25e42a-a12a-4c28-b7c8-df28f4783c31,100.0,DELIVERY_CHARGED,PAID,,,,15ab4bba-9d46-463f-b3fe-d8bf3e432297,"{""refData"": {""id"": ""order_TfsevUXGYhrnld"", ""notes"": {""userId"": ""cb25e42a-a12a-4c28-b7c8-df28f4783c31"", ""orderIds"": ""321d5dd6-9997-43e0-bc63-b0ea3d57ba3c,5960a222-0ae6-49cd-b78b-0c0638076702,15ab4bba-9d46-463f-b3fe-d8bf3e432297"", ""orderGroupId"": ""d50b7fb6-81d6-4f15-bf71-5c958185c844""}, ""amount"": 11800, ""entity"": ""order"", ""offers"": null, ""status"": ""created"", ""receipt"": ""receipt#17902543459739472"", ""attempts"": 0, ""currency"": ""INR"", ""amount_due"": 11800, ""created_at"": 1790254346, ""amount_paid"": 0}, ""orderGroupId"": ""d50b7fb6-81d6-4f15-bf71-5c958185c844"", ""taxesApplied"": {""type"": ""GST"", ""percentage"": 18}}",pay_Tfsf6T2gEwBa9j,RAZOR_PAY,,2026-09-24T12:52:26.096Z,2026-09-24T12:52:49.048Z,
a250db40-987d-4b36-a75f-1c2dd94e6596,TR30787,617be6a5-afc5-4487-8f35-83abcd736e13,100.0,DELIVERY_CHARGED,PAID,,,,a0e0a082-e73c-4c31-a282-9d17c056c5d7,"{""refData"": {""id"": ""order_TiCLlHOEIZfYIg"", ""notes"": {""userId"": ""617be6a5-afc5-4487-8f35-83abcd736e13"", ""orderIds"": ""a0e0a082-e73c-4c31-a282-9d17c056c5d7,5791f221-8a5a-4254-b26a-b33fcf28da78"", ""orderGroupId"": ""a341d74d-28ed-434d-a588-5324cb95a6c5""}, ""amount"": 11800, ""entity"": ""order"", ""offers"": null, ""status"": ""created"", ""receipt"": ""receipt#17907603699183005"", ""attempts"": 0, ""currency"": ""INR"", ""amount_due"": 11800, ""created_at"": 1790760369, ""amount_paid"": 0}, ""orderGroupId"": ""a341d74d-28ed-434d-a588-5324cb95a6c5"", ""taxesApplied"": {""type"": ""GST"", ""percentage"": 18}}",pay_TiCLtgmegmJKri,RAZOR_PAY,,2026-09-30T09:26:10.019Z,2026-09-30T09:26:30.643Z,
4b0b5751-7ba7-41d5-aaad-b5cdf1690543,TR30788,617be6a5-afc5-4487-8f35-83abcd736e13,100.0,DELIVERY_CHARGED,PAID,,,,5791f221-8a5a-4254-b26a-b33fcf28da78,"{""refData"": {""id"": ""order_TiCLlHOEIZfYIg"", ""notes"": {""userId"": ""617be6a5-afc5-4487-8f35-83abcd736e13"", ""orderIds"": ""a0e0a082-e73c-4c31-a282-9d17c056c5d7,5791f221-8a5a-4254-b26a-b33fcf28da78"", ""orderGroupId"": ""a341d74d-28ed-434d-a588-5324cb95a6c5""}, ""amount"": 11800, ""entity"": ""order"", ""offers"": null, ""status"": ""created"", ""receipt"": ""receipt#17907603699183005"", ""attempts"": 0, ""currency"": ""INR"", ""amount_due"": 11800, ""created_at"": 1790760369, ""amount_paid"": 0}, ""orderGroupId"": ""a341d74d-28ed-434d-a588-5324cb95a6c5"", ""taxesApplied"": {""type"": ""GST"", ""percentage"": 18}}",pay_TiCLtgmegmJKri,RAZOR_PAY,,2026-09-30T09:26:10.019Z,2026-09-30T09:26:30.643Z,
09917538-232d-44f4-8df7-222337fdb13f,TR30980,4f460b62-e456-468c-b773-52413ea1c5c9,100.0,DELIVERY_CHARGED,PAID,,,,2e93378f-f4a8-4cf8-9647-0933a559c02f,"{""refData"": {""id"": ""order_TkCctVTluGEqOR"", ""notes"": {""userId"": ""4f460b62-e456-468c-b773-52413ea1c5c9"", ""orderIds"": ""104e52fb-6655-4cca-ba45-67bd02277b4c,d01bd5e0-8194-41ff-a4b2-4cf255ef8b23,2e93378f-f4a8-4cf8-9647-0933a559c02f"", ""orderGroupId"": ""e7c679ed-5a76-48b8-adc7-39211e60ea36""}, ""amount"": 11800, ""entity"": ""order"", ""offers"": null, ""status"": ""created"", ""receipt"": ""receipt#17911980232686709"", ""attempts"": 0, ""currency"": ""INR"", ""amount_due"": 11800, ""created_at"": 1791198023, ""amount_paid"": 0}, ""orderGroupId"": ""e7c679ed-5a76-48b8-adc7-39211e60ea36"", ""taxesApplied"": {""type"": ""GST"", ""percentage"": 18}}",pay_TkCd7pi4fqMvi1,RAZOR_PAY,,2026-10-05T11:00:23.371Z,2026-10-05T11:00:44.009Z,
543f2bbe-0497-449d-9093-1a2f6422b562,TR30978,4f460b62-e456-468c-b773-52413ea1c5c9,100.0,DELIVERY_CHARGED,PAID,,,,104e52fb-6655-4cca-ba45-67bd02277b4c,"{""refData"": {""id"": ""order_TkCctVTluGEqOR"", ""notes"": {""userId"": ""4f460b62-e456-468c-b773-52413ea1c5c9"", ""orderIds"": ""104e52fb-6655-4cca-ba45-67bd02277b4c,d01bd5e0-8194-41ff-a4b2-4cf255ef8b23,2e93378f-f4a8-4cf8-9647-0933a559c02f"", ""orderGroupId"": ""e7c679ed-5a76-48b8-adc7-39211e60ea36""}, ""amount"": 11800, ""entity"": ""order"", ""offers"": null, ""status"": ""created"", ""receipt"": ""receipt#17911980232686709"", ""attempts"": 0, ""currency"": ""INR"", ""amount_due"": 11800, ""created_at"": 1791198023, ""amount_paid"": 0}, ""orderGroupId"": ""e7c679ed-5a76-48b8-adc7-39211e60ea36"", ""taxesApplied"": {""type"": ""GST"", ""percentage"": 18}}",pay_TkCd7pi4fqMvi1,RAZOR_PAY,,2026-10-05T11:00:23.371Z,2026-10-05T11:00:44.009Z,
f37f1709-c6cc-4877-97ca-7a5fb12a6af9,TR30979,4f460b62-e456-468c-b773-52413ea1c5c9,100.0,DELIVERY_CHARGED,PAID,,,,d01bd5e0-8194-41ff-a4b2-4cf255ef8b23,"{""refData"": {""id"": ""order_TkCctVTluGEqOR"", ""notes"": {""userId"": ""4f460b62-e456-468c-b773-52413ea1c5c9"", ""orderIds"": ""104e52fb-6655-4cca-ba45-67bd02277b4c,d01bd5e0-8194-41ff-a4b2-4cf255ef8b23,2e93378f-f4a8-4cf8-9647-0933a559c02f"", ""orderGroupId"": ""e7c679ed-5a76-48b8-adc7-39211e60ea36""}, ""amount"": 11800, ""entity"": ""order"", ""offers"": null, ""status"": ""created"", ""receipt"": ""receipt#17911980232686709"", ""attempts"": 0, ""currency"": ""INR"", ""amount_due"": 11800, ""created_at"": 1791198023, ""amount_paid"": 0}, ""orderGroupId"": ""e7c679ed-5a76-48b8-adc7-39211e60ea36"", ""taxesApplied"": {""type"": ""GST"", ""percentage"": 18}}",pay_TkCd7pi4fqMvi1,RAZOR_PAY,,2026-10-05T11:00:23.371Z,2026-10-05T11:00:44.009Z,
9e66b863-a305-4e26-99b5-510b65c700a0,TR30988,1c663e77-d8ba-4634-be91-39ac65631e59,100.0,DELIVERY_CHARGED,PAID,,,,dc412878-5662-43d2-b8a7-8b5909288f09,"{""refData"": {""id"": ""order_TkGtOc8LdamM1p"", ""notes"": {""userId"": ""1c663e77-d8ba-4634-be91-39ac65631e59"", ""orderIds"": ""dc412878-5662-43d2-b8a7-8b5909288f09"", ""orderGroupId"": ""df0fbafb-1c51-49d7-908c-bd9be6cb3529""}, ""amount"": 11800, ""entity"": ""order"", ""offers"": null, ""status"": ""created"", ""receipt"": ""receipt#17912130470181321"", ""attempts"": 0, ""currency"": ""INR"", ""amount_due"": 11800, ""created_at"": 1791213047, ""amount_paid"": 0}, ""orderGroupId"": ""df0fbafb-1c51-49d7-908c-bd9be6cb3529"", ""taxesApplied"": {""type"": ""GST"", ""percentage"": 18}}",pay_TkGteTH9m1uQeX,RAZOR_PAY,,2026-10-05T15:10:47.143Z,2026-10-05T15:11:13.824Z,
4bea56b9-1600-49d0-9e74-fc2abe05a75b,TR31062,8a089a7c-32a8-4730-b589-0705ccd820d3,100.0,DELIVERY_CHARGED,PAID,,,,df5aceeb-4aa9-4a8a-b966-cd60a3888d5c,"{""refData"": {""id"": ""order_TlfFpj6NVXGI5r"", ""notes"": {""userId"": ""8a089a7c-32a8-4730-b589-0705ccd820d3"", ""orderIds"": ""df5aceeb-4aa9-4a8a-b966-cd60a3888d5c,e53557bc-1ed9-47a8-a0fb-16b563865e03,5d989980-83d4-4924-922c-a3c0a740439b"", ""orderGroupId"": ""518709c8-12a8-4877-91da-195b18c8febf""}, ""amount"": 11800, ""entity"": ""order"", ""offers"": null, ""status"": ""created"", ""receipt"": ""receipt#17915171803261044"", ""attempts"": 0, ""currency"": ""INR"", ""amount_due"": 11800, ""created_at"": 1791517180, ""amount_paid"": 0}, ""orderGroupId"": ""518709c8-12a8-4877-91da-195b18c8febf"", ""taxesApplied"": {""type"": ""GST"", ""percentage"": 18}}",pay_TlfG1fGEKYB5xP,RAZOR_PAY,,2026-10-09T03:39:40.428Z,2026-10-09T03:40:09.16Z,
1d30bf13-21a0-4991-a037-c5005c37239b,TR31063,8a089a7c-32a8-4730-b589-0705ccd820d3,100.0,DELIVERY_CHARGED,PAID,,,,e53557bc-1ed9-47a8-a0fb-16b563865e03,"{""refData"": {""id"": ""order_TlfFpj6NVXGI5r"", ""notes"": {""userId"": ""8a089a7c-32a8-4730-b589-0705ccd820d3"", ""orderIds"": ""df5aceeb-4aa9-4a8a-b966-cd60a3888d5c,e53557bc-1ed9-47a8-a0fb-16b563865e03,5d989980-83d4-4924-922c-a3c0a740439b"", ""orderGroupId"": ""518709c8-12a8-4877-91da-195b18c8febf""}, ""amount"": 11800, ""entity"": ""order"", ""offers"": null, ""status"": ""created"", ""receipt"": ""receipt#17915171803261044"", ""attempts"": 0, ""currency"": ""INR"", ""amount_due"": 11800, ""created_at"": 1791517180, ""amount_paid"": 0}, ""orderGroupId"": ""518709c8-12a8-4877-91da-195b18c8febf"", ""taxesApplied"": {""type"": ""GST"", ""percentage"": 18}}",pay_TlfG1fGEKYB5xP,RAZOR_PAY,,2026-10-09T03:39:40.428Z,2026-10-09T03:40:09.16Z,
59f4940f-c6b9-422a-b2f0-aba6c7f584c5,TR31064,8a089a7c-32a8-4730-b589-0705ccd820d3,100.0,DELIVERY_CHARGED,PAID,,,,5d989980-83d4-4924-922c-a3c0a740439b,"{""refData"": {""id"": ""order_TlfFpj6NVXGI5r"", ""notes"": {""userId"": ""8a089a7c-32a8-4730-b589-0705ccd820d3"", ""orderIds"": ""df5aceeb-4aa9-4a8a-b966-cd60a3888d5c,e53557bc-1ed9-47a8-a0fb-16b563865e03,5d989980-83d4-4924-922c-a3c0a740439b"", ""orderGroupId"": ""518709c8-12a8-4877-91da-195b18c8febf""}, ""amount"": 11800, ""entity"": ""order"", ""offers"": null, ""status"": ""created"", ""receipt"": ""receipt#17915171803261044"", ""attempts"": 0, ""currency"": ""INR"", ""amount_due"": 11800, ""created_at"": 1791517180, ""amount_paid"": 0}, ""orderGroupId"": ""518709c8-12a8-4877-91da-195b18c8febf"", ""taxesApplied"": {""type"": ""GST"", ""percentage"": 18}}",pay_TlfG1fGEKYB5xP,RAZOR_PAY,,2026-10-09T03:39:40.428Z,2026-10-09T03:40:09.16Z,
26e6b498-e005-4fa5-99f3-2d0604f84214,TR31111,bf250d56-eed4-4844-aa4c-a3c26bb7ea99,100.0,DELIVERY_CHARGED,PAID,,,,98a38c69-9813-4941-96ba-4f64b182e2a0,"{""refData"": {""id"": ""order_TmC7bDAy1TYhkz"", ""notes"": {""userId"": ""bf250d56-eed4-4844-aa4c-a3c26bb7ea99"", ""orderIds"": ""98a38c69-9813-4941-96ba-4f64b182e2a0,f5861f86-dad4-41fe-a5da-a6929f2d947b"", ""orderGroupId"": ""13ab40f0-66b5-4728-8505-e6b903984453""}, ""amount"": 11800, ""entity"": ""order"", ""offers"": null, ""status"": ""created"", ""receipt"": ""receipt#17916329259296810"", ""attempts"": 0, ""currency"": ""INR"", ""amount_due"": 11800, ""created_at"": 1791632925, ""amount_paid"": 0}, ""orderGroupId"": ""13ab40f0-66b5-4728-8505-e6b903984453"", ""taxesApplied"": {""type"": ""GST"", ""percentage"": 18}}",pay_TmC7kXthJwFGNW,RAZOR_PAY,,2026-10-10T11:48:46.039Z,2026-10-10T11:49:13.98Z,
352bc797-69a8-4bec-b001-cb8f91e9811c,TR31112,bf250d56-eed4-4844-aa4c-a3c26bb7ea99,100.0,DELIVERY_CHARGED,PAID,,,,f5861f86-dad4-41fe-a5da-a6929f2d947b,"{""refData"": {""id"": ""order_TmC7bDAy1TYhkz"", ""notes"": {""userId"": ""bf250d56-eed4-4844-aa4c-a3c26bb7ea99"", ""orderIds"": ""98a38c69-9813-4941-96ba-4f64b182e2a0,f5861f86-dad4-41fe-a5da-a6929f2d947b"", ""orderGroupId"": ""13ab40f0-66b5-4728-8505-e6b903984453""}, ""amount"": 11800, ""entity"": ""order"", ""offers"": null, ""status"": ""created"", ""receipt"": ""receipt#17916329259296810"", ""attempts"": 0, ""currency"": ""INR"", ""amount_due"": 11800, ""created_at"": 1791632925, ""amount_paid"": 0}, ""orderGroupId"": ""13ab40f0-66b5-4728-8505-e6b903984453"", ""taxesApplied"": {""type"": ""GST"", ""percentage"": 18}}",pay_TmC7kXthJwFGNW,RAZOR_PAY,,2026-10-10T11:48:46.039Z,2026-10-10T11:49:13.98Z,